id,strain,Age,Stimulus,Individuals,Celltype,CellName
 do4737,Mus musculus castaneus,Young,Unstimulated,CAST young 1,MACS-purified Naive,SS19_naive_2
 do4739,Mus musculus castaneus,Young,Unstimulated,CAST young 1,MACS-purified Naive,SS19_naive_96
 do4740,Mus musculus castaneus,Young,Unstimulated,CAST young 1,MACS-purified Naive,SS19_naive_95
 do4744,Mus musculus castaneus,Young,Unstimulated,CAST young 1,MACS-purified Naive,SS19_naive_4
 do4752,Mus musculus castaneus,Young,Unstimulated,CAST young 1,MACS-purified Naive,SS19_naive_89
 do4755,Mus musculus castaneus,Young,Unstimulated,CAST young 1,MACS-purified Naive,SS19_naive_11
 do4757,Mus musculus castaneus,Young,Unstimulated,CAST young 1,MACS-purified Naive,SS19_naive_87
 do4758,Mus musculus castaneus,Young,Unstimulated,CAST young 1,MACS-purified Naive,SS19_naive_86
 do4764,Mus musculus castaneus,Young,Unstimulated,CAST young 1,MACS-purified Naive,SS19_naive_83
 do4778,Mus musculus castaneus,Young,Unstimulated,CAST young 1,MACS-purified Naive,SS19_naive_24
 do4779,Mus musculus castaneus,Young,Unstimulated,CAST young 1,MACS-purified Naive,SS19_naive_23
 do4780,Mus musculus castaneus,Young,Unstimulated,CAST young 1,MACS-purified Naive,SS19_naive_22
 do4791,Mus musculus castaneus,Young,Unstimulated,CAST young 1,MACS-purified Naive,SS19_naive_29
 do4792,Mus musculus castaneus,Young,Unstimulated,CAST young 1,MACS-purified Naive,SS19_naive_30
 do4795,Mus musculus castaneus,Young,Unstimulated,CAST young 1,MACS-purified Naive,SS19_naive_69
 do4802,Mus musculus castaneus,Young,Unstimulated,CAST young 1,MACS-purified Naive,SS19_naive_34
 do4803,Mus musculus castaneus,Young,Unstimulated,CAST young 1,MACS-purified Naive,SS19_naive_35
 do4804,Mus musculus castaneus,Young,Unstimulated,CAST young 1,MACS-purified Naive,SS19_naive_36
 do4810,Mus musculus castaneus,Young,Unstimulated,CAST young 1,MACS-purified Naive,SS19_naive_39
 do4817,Mus musculus castaneus,Young,Unstimulated,CAST young 1,MACS-purified Naive,SS19_naive_55
 do4825,Mus musculus castaneus,Young,Unstimulated,CAST young 1,MACS-purified Naive,SS19_naive_54
 do4830,Mus musculus castaneus,Young,Unstimulated,CAST young 1,MACS-purified Naive,SS19_naive_50
 do4831,Mus musculus castaneus,Young,Unstimulated,CAST young 1,MACS-purified Naive,SS19_naive_51
 do4840,Mus musculus castaneus,Young,Active,CAST young 1,MACS-purified Naive,SS19_active_4
 do4843,Mus musculus castaneus,Young,Active,CAST young 1,MACS-purified Naive,SS19_active_91
 do4846,Mus musculus castaneus,Young,Active,CAST young 1,MACS-purified Naive,SS19_active_7
 do4848,Mus musculus castaneus,Young,Active,CAST young 1,MACS-purified Naive,SS19_active_89
 do4852,Mus musculus castaneus,Young,Active,CAST young 1,MACS-purified Naive,SS19_active_10
 do4853,Mus musculus castaneus,Young,Active,CAST young 1,MACS-purified Naive,SS19_active_87
 do4872,Mus musculus castaneus,Young,Active,CAST young 1,MACS-purified Naive,SS19_active_77
 do4878,Mus musculus castaneus,Young,Active,CAST young 1,MACS-purified Naive,SS19_active_74
 do4879,Mus musculus castaneus,Young,Active,CAST young 1,MACS-purified Naive,SS19_active_73
 do4886,Mus musculus castaneus,Young,Active,CAST young 1,MACS-purified Naive,SS19_active_28
 do4889,Mus musculus castaneus,Young,Active,CAST young 1,MACS-purified Naive,SS19_active_67
 do4892,Mus musculus castaneus,Young,Active,CAST young 1,MACS-purified Naive,SS19_active_31
 do4897,Mus musculus castaneus,Young,Active,CAST young 1,MACS-purified Naive,SS19_active_66
 do4902,Mus musculus castaneus,Young,Active,CAST young 1,MACS-purified Naive,SS19_active_62
 do4909,Mus musculus castaneus,Young,Active,CAST young 1,MACS-purified Naive,SS19_active_60
 do4910,Mus musculus castaneus,Young,Active,CAST young 1,MACS-purified Naive,SS19_active_40
 do4923,Mus musculus castaneus,Young,Active,CAST young 1,MACS-purified Naive,SS19_active_47
 do4926,Mus musculus castaneus,Young,Active,CAST young 1,MACS-purified Naive,SS19_active_50
 do5538,Mus musculus castaneus,Young,Unstimulated,CAST young 2,MACS-purified Naive,SS25_naive_1
 do5546,Mus musculus castaneus,Young,Unstimulated,CAST young 2,MACS-purified Naive,SS25_naive_92
 do5548,Mus musculus castaneus,Young,Unstimulated,CAST young 2,MACS-purified Naive,SS25_naive_9
 do5566,Mus musculus castaneus,Young,Unstimulated,CAST young 2,MACS-purified Naive,SS25_naive_18
 do5571,Mus musculus castaneus,Young,Unstimulated,CAST young 2,MACS-purified Naive,SS25_naive_79
 do5587,Mus musculus castaneus,Young,Unstimulated,CAST young 2,MACS-purified Naive,SS25_naive_70
 do5596,Mus musculus castaneus,Young,Unstimulated,CAST young 2,MACS-purified Naive,SS25_naive_31
 do5598,Mus musculus castaneus,Young,Unstimulated,CAST young 2,MACS-purified Naive,SS25_naive_33
 do5601,Mus musculus castaneus,Young,Unstimulated,CAST young 2,MACS-purified Naive,SS25_naive_66
 do5621,Mus musculus castaneus,Young,Unstimulated,CAST young 2,MACS-purified Naive,SS25_naive_44
 do5624,Mus musculus castaneus,Young,Unstimulated,CAST young 2,MACS-purified Naive,SS25_naive_53
 do5629,Mus musculus castaneus,Young,Unstimulated,CAST young 2,MACS-purified Naive,SS25_naive_49
 do5632,Mus musculus castaneus,Young,Active,CAST young 2,MACS-purified Naive,SS25_active_3
 do5655,Mus musculus castaneus,Young,Active,CAST young 2,MACS-purified Naive,SS25_active_85
 do5663,Mus musculus castaneus,Young,Active,CAST young 2,MACS-purified Naive,SS25_active_17
 do5671,Mus musculus castaneus,Young,Active,CAST young 2,MACS-purified Naive,SS25_active_78
 do5672,Mus musculus castaneus,Young,Active,CAST young 2,MACS-purified Naive,SS25_active_77
 do5676,Mus musculus castaneus,Young,Active,CAST young 2,MACS-purified Naive,SS25_active_22
 do5680,Mus musculus castaneus,Young,Active,CAST young 2,MACS-purified Naive,SS25_active_25
 do5682,Mus musculus castaneus,Young,Active,CAST young 2,MACS-purified Naive,SS25_active_27
 do5683,Mus musculus castaneus,Young,Active,CAST young 2,MACS-purified Naive,SS25_active_70
 do5689,Mus musculus castaneus,Young,Active,CAST young 2,MACS-purified Naive,SS25_active_67
 do5697,Mus musculus castaneus,Young,Active,CAST young 2,MACS-purified Naive,SS25_active_66
 do5700,Mus musculus castaneus,Young,Active,CAST young 2,MACS-purified Naive,SS25_active_36
 do5701,Mus musculus castaneus,Young,Active,CAST young 2,MACS-purified Naive,SS25_active_61
 do5710,Mus musculus castaneus,Young,Active,CAST young 2,MACS-purified Naive,SS25_active_40
 do5716,Mus musculus castaneus,Young,Active,CAST young 2,MACS-purified Naive,SS25_active_43
 do5718,Mus musculus castaneus,Young,Active,CAST young 2,MACS-purified Naive,SS25_active_45
 do5723,Mus musculus castaneus,Young,Active,CAST young 2,MACS-purified Naive,SS25_active_47
 do6113,Mus musculus domesticus,Young,Unstimulated,B6 young 1,MACS-purified Naive,SS51_naive_2
 do6118,Mus musculus domesticus,Young,Unstimulated,B6 young 1,MACS-purified Naive,SS51_naive_6
 do6122,Mus musculus domesticus,Young,Unstimulated,B6 young 1,MACS-purified Naive,SS51_naive_92
 do6123,Mus musculus domesticus,Young,Unstimulated,B6 young 1,MACS-purified Naive,SS51_naive_91
 do6124,Mus musculus domesticus,Young,Unstimulated,B6 young 1,MACS-purified Naive,SS51_naive_9
 do6126,Mus musculus domesticus,Young,Unstimulated,B6 young 1,MACS-purified Naive,SS51_naive_7
 do6128,Mus musculus domesticus,Young,Unstimulated,B6 young 1,MACS-purified Naive,SS51_naive_89
 do6129,Mus musculus domesticus,Young,Unstimulated,B6 young 1,MACS-purified Naive,SS51_naive_88
 do6131,Mus musculus domesticus,Young,Unstimulated,B6 young 1,MACS-purified Naive,SS51_naive_11
 do6132,Mus musculus domesticus,Young,Unstimulated,B6 young 1,MACS-purified Naive,SS51_naive_10
 do6134,Mus musculus domesticus,Young,Unstimulated,B6 young 1,MACS-purified Naive,SS51_naive_86
 do6136,Mus musculus domesticus,Young,Unstimulated,B6 young 1,MACS-purified Naive,SS51_naive_15
 do6137,Mus musculus domesticus,Young,Unstimulated,B6 young 1,MACS-purified Naive,SS51_naive_14
 do6138,Mus musculus domesticus,Young,Unstimulated,B6 young 1,MACS-purified Naive,SS51_naive_13
 do6146,Mus musculus domesticus,Young,Unstimulated,B6 young 1,MACS-purified Naive,SS51_naive_80
 do6148,Mus musculus domesticus,Young,Unstimulated,B6 young 1,MACS-purified Naive,SS51_naive_21
 do6149,Mus musculus domesticus,Young,Unstimulated,B6 young 1,MACS-purified Naive,SS51_naive_20
 do6150,Mus musculus domesticus,Young,Unstimulated,B6 young 1,MACS-purified Naive,SS51_naive_19
 do6157,Mus musculus domesticus,Young,Unstimulated,B6 young 1,MACS-purified Naive,SS51_naive_75
 do6162,Mus musculus domesticus,Young,Unstimulated,B6 young 1,MACS-purified Naive,SS51_naive_27
 do6164,Mus musculus domesticus,Young,Unstimulated,B6 young 1,MACS-purified Naive,SS51_naive_71
 do6166,Mus musculus domesticus,Young,Unstimulated,B6 young 1,MACS-purified Naive,SS51_naive_28
 do6167,Mus musculus domesticus,Young,Unstimulated,B6 young 1,MACS-purified Naive,SS51_naive_29
 do6168,Mus musculus domesticus,Young,Unstimulated,B6 young 1,MACS-purified Naive,SS51_naive_30
 do6171,Mus musculus domesticus,Young,Unstimulated,B6 young 1,MACS-purified Naive,SS51_naive_69
 do6172,Mus musculus domesticus,Young,Unstimulated,B6 young 1,MACS-purified Naive,SS51_naive_31
 do6173,Mus musculus domesticus,Young,Unstimulated,B6 young 1,MACS-purified Naive,SS51_naive_32
 do6174,Mus musculus domesticus,Young,Unstimulated,B6 young 1,MACS-purified Naive,SS51_naive_33
 do6179,Mus musculus domesticus,Young,Unstimulated,B6 young 1,MACS-purified Naive,SS51_naive_35
 do6182,Mus musculus domesticus,Young,Unstimulated,B6 young 1,MACS-purified Naive,SS51_naive_62
 do6184,Mus musculus domesticus,Young,Unstimulated,B6 young 1,MACS-purified Naive,SS51_naive_37
 do6188,Mus musculus domesticus,Young,Unstimulated,B6 young 1,MACS-purified Naive,SS51_naive_59
 do6193,Mus musculus domesticus,Young,Unstimulated,B6 young 1,MACS-purified Naive,SS51_naive_55
 do6194,Mus musculus domesticus,Young,Unstimulated,B6 young 1,MACS-purified Naive,SS51_naive_56
 do6195,Mus musculus domesticus,Young,Unstimulated,B6 young 1,MACS-purified Naive,SS51_naive_57
 do6197,Mus musculus domesticus,Young,Unstimulated,B6 young 1,MACS-purified Naive,SS51_naive_44
 do6198,Mus musculus domesticus,Young,Unstimulated,B6 young 1,MACS-purified Naive,SS51_naive_45
 do6199,Mus musculus domesticus,Young,Unstimulated,B6 young 1,MACS-purified Naive,SS51_naive_52
 do6202,Mus musculus domesticus,Young,Unstimulated,B6 young 1,MACS-purified Naive,SS51_naive_46
 do6203,Mus musculus domesticus,Young,Unstimulated,B6 young 1,MACS-purified Naive,SS51_naive_47
 do6204,Mus musculus domesticus,Young,Unstimulated,B6 young 1,MACS-purified Naive,SS51_naive_48
 do6205,Mus musculus domesticus,Young,Unstimulated,B6 young 1,MACS-purified Naive,SS51_naive_49
 do6206,Mus musculus domesticus,Young,Unstimulated,B6 young 1,MACS-purified Naive,SS51_naive_50
 do6208,Mus musculus domesticus,Young,Active,B6 young 1,MACS-purified Naive,SS51_active_3
 do6213,Mus musculus domesticus,Young,Active,B6 young 1,MACS-purified Naive,SS51_active_94
 do6222,Mus musculus domesticus,Young,Active,B6 young 1,MACS-purified Naive,SS51_active_7
 do6235,Mus musculus domesticus,Young,Active,B6 young 1,MACS-purified Naive,SS51_active_84
 do6236,Mus musculus domesticus,Young,Active,B6 young 1,MACS-purified Naive,SS51_active_83
 do6239,Mus musculus domesticus,Young,Active,B6 young 1,MACS-purified Naive,SS51_active_17
 do6242,Mus musculus domesticus,Young,Active,B6 young 1,MACS-purified Naive,SS51_active_80
 do6248,Mus musculus domesticus,Young,Active,B6 young 1,MACS-purified Naive,SS51_active_77
 do6249,Mus musculus domesticus,Young,Active,B6 young 1,MACS-purified Naive,SS51_active_76
 do6250,Mus musculus domesticus,Young,Active,B6 young 1,MACS-purified Naive,SS51_active_24
 do6251,Mus musculus domesticus,Young,Active,B6 young 1,MACS-purified Naive,SS51_active_23
 do6253,Mus musculus domesticus,Young,Active,B6 young 1,MACS-purified Naive,SS51_active_75
 do6255,Mus musculus domesticus,Young,Active,B6 young 1,MACS-purified Naive,SS51_active_73
 do6257,Mus musculus domesticus,Young,Active,B6 young 1,MACS-purified Naive,SS51_active_26
 do6264,Mus musculus domesticus,Young,Active,B6 young 1,MACS-purified Naive,SS51_active_30
 do6266,Mus musculus domesticus,Young,Active,B6 young 1,MACS-purified Naive,SS51_active_68
 do6272,Mus musculus domesticus,Young,Active,B6 young 1,MACS-purified Naive,SS51_active_65
 do6273,Mus musculus domesticus,Young,Active,B6 young 1,MACS-purified Naive,SS51_active_66
 do6275,Mus musculus domesticus,Young,Active,B6 young 1,MACS-purified Naive,SS51_active_35
 do6290,Mus musculus domesticus,Young,Active,B6 young 1,MACS-purified Naive,SS51_active_56
 do6292,Mus musculus domesticus,Young,Active,B6 young 1,MACS-purified Naive,SS51_active_43
 do6297,Mus musculus domesticus,Young,Active,B6 young 1,MACS-purified Naive,SS51_active_54
 do6299,Mus musculus domesticus,Young,Active,B6 young 1,MACS-purified Naive,SS51_active_47
 do6301,Mus musculus domesticus,Young,Active,B6 young 1,MACS-purified Naive,SS51_active_49
 do6302,Mus musculus domesticus,Young,Active,B6 young 1,MACS-purified Naive,SS51_active_50
 do6309,Mus musculus domesticus,Young,Unstimulated,B6 young 2,MACS-purified Naive,SS52_naive_94
 do6310,Mus musculus domesticus,Young,Unstimulated,B6 young 2,MACS-purified Naive,SS52_naive_6
 do6311,Mus musculus domesticus,Young,Unstimulated,B6 young 2,MACS-purified Naive,SS52_naive_5
 do6313,Mus musculus domesticus,Young,Unstimulated,B6 young 2,MACS-purified Naive,SS52_naive_93
 do6314,Mus musculus domesticus,Young,Unstimulated,B6 young 2,MACS-purified Naive,SS52_naive_92
 do6316,Mus musculus domesticus,Young,Unstimulated,B6 young 2,MACS-purified Naive,SS52_naive_9
 do6318,Mus musculus domesticus,Young,Unstimulated,B6 young 2,MACS-purified Naive,SS52_naive_7
 do6319,Mus musculus domesticus,Young,Unstimulated,B6 young 2,MACS-purified Naive,SS52_naive_90
 do6321,Mus musculus domesticus,Young,Unstimulated,B6 young 2,MACS-purified Naive,SS52_naive_88
 do6322,Mus musculus domesticus,Young,Unstimulated,B6 young 2,MACS-purified Naive,SS52_naive_12
 do6324,Mus musculus domesticus,Young,Unstimulated,B6 young 2,MACS-purified Naive,SS52_naive_10
 do6327,Mus musculus domesticus,Young,Unstimulated,B6 young 2,MACS-purified Naive,SS52_naive_85
 do6329,Mus musculus domesticus,Young,Unstimulated,B6 young 2,MACS-purified Naive,SS52_naive_14
 do6331,Mus musculus domesticus,Young,Unstimulated,B6 young 2,MACS-purified Naive,SS52_naive_84
 do6332,Mus musculus domesticus,Young,Unstimulated,B6 young 2,MACS-purified Naive,SS52_naive_83
 do6336,Mus musculus domesticus,Young,Unstimulated,B6 young 2,MACS-purified Naive,SS52_naive_16
 do6341,Mus musculus domesticus,Young,Unstimulated,B6 young 2,MACS-purified Naive,SS52_naive_20
 do6345,Mus musculus domesticus,Young,Unstimulated,B6 young 2,MACS-purified Naive,SS52_naive_76
 do6347,Mus musculus domesticus,Young,Unstimulated,B6 young 2,MACS-purified Naive,SS52_naive_23
 do6349,Mus musculus domesticus,Young,Unstimulated,B6 young 2,MACS-purified Naive,SS52_naive_75
 do6351,Mus musculus domesticus,Young,Unstimulated,B6 young 2,MACS-purified Naive,SS52_naive_73
 do6352,Mus musculus domesticus,Young,Unstimulated,B6 young 2,MACS-purified Naive,SS52_naive_25
 do6354,Mus musculus domesticus,Young,Unstimulated,B6 young 2,MACS-purified Naive,SS52_naive_27
 do6355,Mus musculus domesticus,Young,Unstimulated,B6 young 2,MACS-purified Naive,SS52_naive_70
 do6358,Mus musculus domesticus,Young,Unstimulated,B6 young 2,MACS-purified Naive,SS52_naive_28
 do6359,Mus musculus domesticus,Young,Unstimulated,B6 young 2,MACS-purified Naive,SS52_naive_29
 do6362,Mus musculus domesticus,Young,Unstimulated,B6 young 2,MACS-purified Naive,SS52_naive_68
 do6363,Mus musculus domesticus,Young,Unstimulated,B6 young 2,MACS-purified Naive,SS52_naive_69
 do6364,Mus musculus domesticus,Young,Unstimulated,B6 young 2,MACS-purified Naive,SS52_naive_31
 do6365,Mus musculus domesticus,Young,Unstimulated,B6 young 2,MACS-purified Naive,SS52_naive_32
 do6367,Mus musculus domesticus,Young,Unstimulated,B6 young 2,MACS-purified Naive,SS52_naive_64
 do6368,Mus musculus domesticus,Young,Unstimulated,B6 young 2,MACS-purified Naive,SS52_naive_65
 do6370,Mus musculus domesticus,Young,Unstimulated,B6 young 2,MACS-purified Naive,SS52_naive_34
 do6371,Mus musculus domesticus,Young,Unstimulated,B6 young 2,MACS-purified Naive,SS52_naive_35
 do6372,Mus musculus domesticus,Young,Unstimulated,B6 young 2,MACS-purified Naive,SS52_naive_36
 do6374,Mus musculus domesticus,Young,Unstimulated,B6 young 2,MACS-purified Naive,SS52_naive_62
 do6375,Mus musculus domesticus,Young,Unstimulated,B6 young 2,MACS-purified Naive,SS52_naive_63
 do6379,Mus musculus domesticus,Young,Unstimulated,B6 young 2,MACS-purified Naive,SS52_naive_58
 do6380,Mus musculus domesticus,Young,Unstimulated,B6 young 2,MACS-purified Naive,SS52_naive_59
 do6381,Mus musculus domesticus,Young,Unstimulated,B6 young 2,MACS-purified Naive,SS52_naive_60
 do6382,Mus musculus domesticus,Young,Unstimulated,B6 young 2,MACS-purified Naive,SS52_naive_40
 do6384,Mus musculus domesticus,Young,Unstimulated,B6 young 2,MACS-purified Naive,SS52_naive_42
 do6385,Mus musculus domesticus,Young,Unstimulated,B6 young 2,MACS-purified Naive,SS52_naive_55
 do6386,Mus musculus domesticus,Young,Unstimulated,B6 young 2,MACS-purified Naive,SS52_naive_56
 do6388,Mus musculus domesticus,Young,Unstimulated,B6 young 2,MACS-purified Naive,SS52_naive_43
 do6391,Mus musculus domesticus,Young,Unstimulated,B6 young 2,MACS-purified Naive,SS52_naive_52
 do6393,Mus musculus domesticus,Young,Unstimulated,B6 young 2,MACS-purified Naive,SS52_naive_54
 do6395,Mus musculus domesticus,Young,Unstimulated,B6 young 2,MACS-purified Naive,SS52_naive_47
 do6398,Mus musculus domesticus,Young,Unstimulated,B6 young 2,MACS-purified Naive,SS52_naive_50
 do6399,Mus musculus domesticus,Young,Unstimulated,B6 young 2,MACS-purified Naive,SS52_naive_51
 do6400,Mus musculus domesticus,Young,Active,B6 young 2,MACS-purified Naive,SS52_active_3
 do6405,Mus musculus domesticus,Young,Active,B6 young 2,MACS-purified Naive,SS52_active_94
 do6413,Mus musculus domesticus,Young,Active,B6 young 2,MACS-purified Naive,SS52_active_8
 do6414,Mus musculus domesticus,Young,Active,B6 young 2,MACS-purified Naive,SS52_active_7
 do6418,Mus musculus domesticus,Young,Active,B6 young 2,MACS-purified Naive,SS52_active_12
 do6425,Mus musculus domesticus,Young,Active,B6 young 2,MACS-purified Naive,SS52_active_14
 do6426,Mus musculus domesticus,Young,Active,B6 young 2,MACS-purified Naive,SS52_active_13
 do6427,Mus musculus domesticus,Young,Active,B6 young 2,MACS-purified Naive,SS52_active_84
 do6433,Mus musculus domesticus,Young,Active,B6 young 2,MACS-purified Naive,SS52_active_81
 do6435,Mus musculus domesticus,Young,Active,B6 young 2,MACS-purified Naive,SS52_active_79
 do6436,Mus musculus domesticus,Young,Active,B6 young 2,MACS-purified Naive,SS52_active_21
 do6439,Mus musculus domesticus,Young,Active,B6 young 2,MACS-purified Naive,SS52_active_78
 do6440,Mus musculus domesticus,Young,Active,B6 young 2,MACS-purified Naive,SS52_active_77
 do6443,Mus musculus domesticus,Young,Active,B6 young 2,MACS-purified Naive,SS52_active_23
 do6460,Mus musculus domesticus,Young,Active,B6 young 2,MACS-purified Naive,SS52_active_31
 do6461,Mus musculus domesticus,Young,Active,B6 young 2,MACS-purified Naive,SS52_active_32
 do6465,Mus musculus domesticus,Young,Active,B6 young 2,MACS-purified Naive,SS52_active_66
 do6467,Mus musculus domesticus,Young,Active,B6 young 2,MACS-purified Naive,SS52_active_35
 do6472,Mus musculus domesticus,Young,Active,B6 young 2,MACS-purified Naive,SS52_active_37
 do6473,Mus musculus domesticus,Young,Active,B6 young 2,MACS-purified Naive,SS52_active_38
 do6474,Mus musculus domesticus,Young,Active,B6 young 2,MACS-purified Naive,SS52_active_39
 do6476,Mus musculus domesticus,Young,Active,B6 young 2,MACS-purified Naive,SS52_active_59
 do6480,Mus musculus domesticus,Young,Active,B6 young 2,MACS-purified Naive,SS52_active_42
 do6483,Mus musculus domesticus,Young,Active,B6 young 2,MACS-purified Naive,SS52_active_57
 do6484,Mus musculus domesticus,Young,Active,B6 young 2,MACS-purified Naive,SS52_active_43
 do6486,Mus musculus domesticus,Young,Active,B6 young 2,MACS-purified Naive,SS52_active_45
 do6493,Mus musculus domesticus,Young,Active,B6 young 2,MACS-purified Naive,SS52_active_49
 do6495,Mus musculus domesticus,Young,Active,B6 young 2,MACS-purified Naive,SS52_active_51
 do10345,Mus musculus domesticus,Young,Unstimulated,B6 young 3,FACS-purified Naive,SS79_naive_2
 do10346,Mus musculus domesticus,Young,Unstimulated,B6 young 3,FACS-purified Naive,SS79_naive_1
 do10350,Mus musculus domesticus,Young,Unstimulated,B6 young 3,FACS-purified Naive,SS79_naive_6
 do10351,Mus musculus domesticus,Young,Unstimulated,B6 young 3,FACS-purified Naive,SS79_naive_5
 do10353,Mus musculus domesticus,Young,Unstimulated,B6 young 3,FACS-purified Naive,SS79_naive_93
 do10358,Mus musculus domesticus,Young,Unstimulated,B6 young 3,FACS-purified Naive,SS79_naive_7
 do10360,Mus musculus domesticus,Young,Unstimulated,B6 young 3,FACS-purified Naive,SS79_naive_89
 do10363,Mus musculus domesticus,Young,Unstimulated,B6 young 3,FACS-purified Naive,SS79_naive_11
 do10364,Mus musculus domesticus,Young,Unstimulated,B6 young 3,FACS-purified Naive,SS79_naive_10
 do10368,Mus musculus domesticus,Young,Unstimulated,B6 young 3,FACS-purified Naive,SS79_naive_15
 do10369,Mus musculus domesticus,Young,Unstimulated,B6 young 3,FACS-purified Naive,SS79_naive_14
 do10370,Mus musculus domesticus,Young,Unstimulated,B6 young 3,FACS-purified Naive,SS79_naive_13
 do10372,Mus musculus domesticus,Young,Unstimulated,B6 young 3,FACS-purified Naive,SS79_naive_83
 do10374,Mus musculus domesticus,Young,Unstimulated,B6 young 3,FACS-purified Naive,SS79_naive_18
 do10375,Mus musculus domesticus,Young,Unstimulated,B6 young 3,FACS-purified Naive,SS79_naive_17
 do10376,Mus musculus domesticus,Young,Unstimulated,B6 young 3,FACS-purified Naive,SS79_naive_16
 do10378,Mus musculus domesticus,Young,Unstimulated,B6 young 3,FACS-purified Naive,SS79_naive_80
 do10380,Mus musculus domesticus,Young,Unstimulated,B6 young 3,FACS-purified Naive,SS79_naive_21
 do10381,Mus musculus domesticus,Young,Unstimulated,B6 young 3,FACS-purified Naive,SS79_naive_20
 do10383,Mus musculus domesticus,Young,Unstimulated,B6 young 3,FACS-purified Naive,SS79_naive_78
 do10384,Mus musculus domesticus,Young,Unstimulated,B6 young 3,FACS-purified Naive,SS79_naive_77
 do10386,Mus musculus domesticus,Young,Unstimulated,B6 young 3,FACS-purified Naive,SS79_naive_24
 do10387,Mus musculus domesticus,Young,Unstimulated,B6 young 3,FACS-purified Naive,SS79_naive_23
 do10388,Mus musculus domesticus,Young,Unstimulated,B6 young 3,FACS-purified Naive,SS79_naive_22
 do10390,Mus musculus domesticus,Young,Unstimulated,B6 young 3,FACS-purified Naive,SS79_naive_74
 do10391,Mus musculus domesticus,Young,Unstimulated,B6 young 3,FACS-purified Naive,SS79_naive_73
 do10392,Mus musculus domesticus,Young,Unstimulated,B6 young 3,FACS-purified Naive,SS79_naive_25
 do10393,Mus musculus domesticus,Young,Unstimulated,B6 young 3,FACS-purified Naive,SS79_naive_26
 do10397,Mus musculus domesticus,Young,Unstimulated,B6 young 3,FACS-purified Naive,SS79_naive_72
 do10398,Mus musculus domesticus,Young,Unstimulated,B6 young 3,FACS-purified Naive,SS79_naive_28
 do10400,Mus musculus domesticus,Young,Unstimulated,B6 young 3,FACS-purified Naive,SS79_naive_30
 do10401,Mus musculus domesticus,Young,Unstimulated,B6 young 3,FACS-purified Naive,SS79_naive_67
 do10404,Mus musculus domesticus,Young,Unstimulated,B6 young 3,FACS-purified Naive,SS79_naive_31
 do10408,Mus musculus domesticus,Young,Unstimulated,B6 young 3,FACS-purified Naive,SS79_naive_65
 do10409,Mus musculus domesticus,Young,Unstimulated,B6 young 3,FACS-purified Naive,SS79_naive_66
 do10410,Mus musculus domesticus,Young,Unstimulated,B6 young 3,FACS-purified Naive,SS79_naive_34
 do10411,Mus musculus domesticus,Young,Unstimulated,B6 young 3,FACS-purified Naive,SS79_naive_35
 do10412,Mus musculus domesticus,Young,Unstimulated,B6 young 3,FACS-purified Naive,SS79_naive_36
 do10413,Mus musculus domesticus,Young,Unstimulated,B6 young 3,FACS-purified Naive,SS79_naive_61
 do10417,Mus musculus domesticus,Young,Unstimulated,B6 young 3,FACS-purified Naive,SS79_naive_38
 do10418,Mus musculus domesticus,Young,Unstimulated,B6 young 3,FACS-purified Naive,SS79_naive_39
 do10419,Mus musculus domesticus,Young,Unstimulated,B6 young 3,FACS-purified Naive,SS79_naive_58
 do10420,Mus musculus domesticus,Young,Unstimulated,B6 young 3,FACS-purified Naive,SS79_naive_59
 do10421,Mus musculus domesticus,Young,Unstimulated,B6 young 3,FACS-purified Naive,SS79_naive_60
 do10422,Mus musculus domesticus,Young,Unstimulated,B6 young 3,FACS-purified Naive,SS79_naive_40
 do10423,Mus musculus domesticus,Young,Unstimulated,B6 young 3,FACS-purified Naive,SS79_naive_41
 do10424,Mus musculus domesticus,Young,Unstimulated,B6 young 3,FACS-purified Naive,SS79_naive_42
 do10425,Mus musculus domesticus,Young,Unstimulated,B6 young 3,FACS-purified Naive,SS79_naive_55
 do10426,Mus musculus domesticus,Young,Unstimulated,B6 young 3,FACS-purified Naive,SS79_naive_56
 do10429,Mus musculus domesticus,Young,Unstimulated,B6 young 3,FACS-purified Naive,SS79_naive_44
 do10431,Mus musculus domesticus,Young,Unstimulated,B6 young 3,FACS-purified Naive,SS79_naive_52
 do10432,Mus musculus domesticus,Young,Unstimulated,B6 young 3,FACS-purified Naive,SS79_naive_53
 do10433,Mus musculus domesticus,Young,Unstimulated,B6 young 3,FACS-purified Naive,SS79_naive_54
 do10434,Mus musculus domesticus,Young,Unstimulated,B6 young 3,FACS-purified Naive,SS79_naive_46
 do10436,Mus musculus domesticus,Young,Unstimulated,B6 young 3,FACS-purified Naive,SS79_naive_48
 do10438,Mus musculus domesticus,Young,Unstimulated,B6 young 3,FACS-purified Naive,SS79_naive_50
 do10439,Mus musculus domesticus,Young,Unstimulated,B6 young 3,FACS-purified Naive,SS79_naive_51
 do10440,Mus musculus domesticus,Young,Active,B6 young 3,FACS-purified Naive,SS79_active_3
 do10447,Mus musculus domesticus,Young,Active,B6 young 3,FACS-purified Naive,SS79_active_5
 do10448,Mus musculus domesticus,Young,Active,B6 young 3,FACS-purified Naive,SS79_active_4
 do10449,Mus musculus domesticus,Young,Active,B6 young 3,FACS-purified Naive,SS79_active_93
 do10455,Mus musculus domesticus,Young,Active,B6 young 3,FACS-purified Naive,SS79_active_90
 do10467,Mus musculus domesticus,Young,Active,B6 young 3,FACS-purified Naive,SS79_active_84
 do10474,Mus musculus domesticus,Young,Active,B6 young 3,FACS-purified Naive,SS79_active_80
 do10481,Mus musculus domesticus,Young,Active,B6 young 3,FACS-purified Naive,SS79_active_76
 do10482,Mus musculus domesticus,Young,Active,B6 young 3,FACS-purified Naive,SS79_active_24
 do10493,Mus musculus domesticus,Young,Active,B6 young 3,FACS-purified Naive,SS79_active_72
 do10494,Mus musculus domesticus,Young,Active,B6 young 3,FACS-purified Naive,SS79_active_28
 do10501,Mus musculus domesticus,Young,Active,B6 young 3,FACS-purified Naive,SS79_active_32
 do10505,Mus musculus domesticus,Young,Active,B6 young 3,FACS-purified Naive,SS79_active_66
 do10506,Mus musculus domesticus,Young,Active,B6 young 3,FACS-purified Naive,SS79_active_34
 do10507,Mus musculus domesticus,Young,Active,B6 young 3,FACS-purified Naive,SS79_active_35
 do10516,Mus musculus domesticus,Young,Active,B6 young 3,FACS-purified Naive,SS79_active_59
 do10517,Mus musculus domesticus,Young,Active,B6 young 3,FACS-purified Naive,SS79_active_60
 do10523,Mus musculus domesticus,Young,Active,B6 young 3,FACS-purified Naive,SS79_active_57
 do10528,Mus musculus domesticus,Young,Active,B6 young 3,FACS-purified Naive,SS79_active_53
 do10536,Mus musculus domesticus,Young,Unstimulated,B6 young 4,FACS-purified Naive,SS80_naive_3
 do10539,Mus musculus domesticus,Young,Unstimulated,B6 young 4,FACS-purified Naive,SS80_naive_96
 do10540,Mus musculus domesticus,Young,Unstimulated,B6 young 4,FACS-purified Naive,SS80_naive_95
 do10541,Mus musculus domesticus,Young,Unstimulated,B6 young 4,FACS-purified Naive,SS80_naive_94
 do10545,Mus musculus domesticus,Young,Unstimulated,B6 young 4,FACS-purified Naive,SS80_naive_93
 do10547,Mus musculus domesticus,Young,Unstimulated,B6 young 4,FACS-purified Naive,SS80_naive_91
 do10549,Mus musculus domesticus,Young,Unstimulated,B6 young 4,FACS-purified Naive,SS80_naive_8
 do10551,Mus musculus domesticus,Young,Unstimulated,B6 young 4,FACS-purified Naive,SS80_naive_90
 do10552,Mus musculus domesticus,Young,Unstimulated,B6 young 4,FACS-purified Naive,SS80_naive_89
 do10553,Mus musculus domesticus,Young,Unstimulated,B6 young 4,FACS-purified Naive,SS80_naive_88
 do10559,Mus musculus domesticus,Young,Unstimulated,B6 young 4,FACS-purified Naive,SS80_naive_85
 do10560,Mus musculus domesticus,Young,Unstimulated,B6 young 4,FACS-purified Naive,SS80_naive_15
 do10562,Mus musculus domesticus,Young,Unstimulated,B6 young 4,FACS-purified Naive,SS80_naive_13
 do10564,Mus musculus domesticus,Young,Unstimulated,B6 young 4,FACS-purified Naive,SS80_naive_83
 do10565,Mus musculus domesticus,Young,Unstimulated,B6 young 4,FACS-purified Naive,SS80_naive_82
 do10569,Mus musculus domesticus,Young,Unstimulated,B6 young 4,FACS-purified Naive,SS80_naive_81
 do10570,Mus musculus domesticus,Young,Unstimulated,B6 young 4,FACS-purified Naive,SS80_naive_80
 do10571,Mus musculus domesticus,Young,Unstimulated,B6 young 4,FACS-purified Naive,SS80_naive_79
 do10572,Mus musculus domesticus,Young,Unstimulated,B6 young 4,FACS-purified Naive,SS80_naive_21
 do10574,Mus musculus domesticus,Young,Unstimulated,B6 young 4,FACS-purified Naive,SS80_naive_19
 do10576,Mus musculus domesticus,Young,Unstimulated,B6 young 4,FACS-purified Naive,SS80_naive_77
 do10578,Mus musculus domesticus,Young,Unstimulated,B6 young 4,FACS-purified Naive,SS80_naive_24
 do10580,Mus musculus domesticus,Young,Unstimulated,B6 young 4,FACS-purified Naive,SS80_naive_22
 do10581,Mus musculus domesticus,Young,Unstimulated,B6 young 4,FACS-purified Naive,SS80_naive_75
 do10583,Mus musculus domesticus,Young,Unstimulated,B6 young 4,FACS-purified Naive,SS80_naive_73
 do10584,Mus musculus domesticus,Young,Unstimulated,B6 young 4,FACS-purified Naive,SS80_naive_25
 do10587,Mus musculus domesticus,Young,Unstimulated,B6 young 4,FACS-purified Naive,SS80_naive_70
 do10588,Mus musculus domesticus,Young,Unstimulated,B6 young 4,FACS-purified Naive,SS80_naive_71
 do10590,Mus musculus domesticus,Young,Unstimulated,B6 young 4,FACS-purified Naive,SS80_naive_28
 do10593,Mus musculus domesticus,Young,Unstimulated,B6 young 4,FACS-purified Naive,SS80_naive_67
 do10595,Mus musculus domesticus,Young,Unstimulated,B6 young 4,FACS-purified Naive,SS80_naive_69
 do10600,Mus musculus domesticus,Young,Unstimulated,B6 young 4,FACS-purified Naive,SS80_naive_65
 do10601,Mus musculus domesticus,Young,Unstimulated,B6 young 4,FACS-purified Naive,SS80_naive_66
 do10602,Mus musculus domesticus,Young,Unstimulated,B6 young 4,FACS-purified Naive,SS80_naive_34
 do10603,Mus musculus domesticus,Young,Unstimulated,B6 young 4,FACS-purified Naive,SS80_naive_35
 do10605,Mus musculus domesticus,Young,Unstimulated,B6 young 4,FACS-purified Naive,SS80_naive_61
 do10606,Mus musculus domesticus,Young,Unstimulated,B6 young 4,FACS-purified Naive,SS80_naive_62
 do10608,Mus musculus domesticus,Young,Unstimulated,B6 young 4,FACS-purified Naive,SS80_naive_37
 do10609,Mus musculus domesticus,Young,Unstimulated,B6 young 4,FACS-purified Naive,SS80_naive_38
 do10617,Mus musculus domesticus,Young,Unstimulated,B6 young 4,FACS-purified Naive,SS80_naive_55
 do10619,Mus musculus domesticus,Young,Unstimulated,B6 young 4,FACS-purified Naive,SS80_naive_57
 do10621,Mus musculus domesticus,Young,Unstimulated,B6 young 4,FACS-purified Naive,SS80_naive_44
 do10624,Mus musculus domesticus,Young,Unstimulated,B6 young 4,FACS-purified Naive,SS80_naive_53
 do10629,Mus musculus domesticus,Young,Unstimulated,B6 young 4,FACS-purified Naive,SS80_naive_49
 do10630,Mus musculus domesticus,Young,Unstimulated,B6 young 4,FACS-purified Naive,SS80_naive_50
 do10631,Mus musculus domesticus,Young,Unstimulated,B6 young 4,FACS-purified Naive,SS80_naive_51
 do10633,Mus musculus domesticus,Young,Active,B6 young 4,FACS-purified Naive,SS80_active_2
 do10636,Mus musculus domesticus,Young,Active,B6 young 4,FACS-purified Naive,SS80_active_95
 do10637,Mus musculus domesticus,Young,Active,B6 young 4,FACS-purified Naive,SS80_active_94
 do10639,Mus musculus domesticus,Young,Active,B6 young 4,FACS-purified Naive,SS80_active_5
 do10649,Mus musculus domesticus,Young,Active,B6 young 4,FACS-purified Naive,SS80_active_88
 do10663,Mus musculus domesticus,Young,Active,B6 young 4,FACS-purified Naive,SS80_active_17
 do10669,Mus musculus domesticus,Young,Active,B6 young 4,FACS-purified Naive,SS80_active_20
 do10678,Mus musculus domesticus,Young,Active,B6 young 4,FACS-purified Naive,SS80_active_74
 do10683,Mus musculus domesticus,Young,Active,B6 young 4,FACS-purified Naive,SS80_active_70
 do10689,Mus musculus domesticus,Young,Active,B6 young 4,FACS-purified Naive,SS80_active_67
 do10690,Mus musculus domesticus,Young,Active,B6 young 4,FACS-purified Naive,SS80_active_68
 do10692,Mus musculus domesticus,Young,Active,B6 young 4,FACS-purified Naive,SS80_active_31
 do10693,Mus musculus domesticus,Young,Active,B6 young 4,FACS-purified Naive,SS80_active_32
 do10697,Mus musculus domesticus,Young,Active,B6 young 4,FACS-purified Naive,SS80_active_66
 do10703,Mus musculus domesticus,Young,Active,B6 young 4,FACS-purified Naive,SS80_active_63
 do10706,Mus musculus domesticus,Young,Active,B6 young 4,FACS-purified Naive,SS80_active_39
 do10720,Mus musculus domesticus,Young,Active,B6 young 4,FACS-purified Naive,SS80_active_53
 do10724,Mus musculus domesticus,Young,Active,B6 young 4,FACS-purified Naive,SS80_active_48
 do10726,Mus musculus domesticus,Young,Active,B6 young 4,FACS-purified Naive,SS80_active_50
 do10727,Mus musculus domesticus,Young,Active,B6 young 4,FACS-purified Naive,SS80_active_51
 do11114,Mus musculus domesticus,Young,Unstimulated,B6 young 5,FACS-purified Effector Memory,SS81_naive_1
 do11115,Mus musculus domesticus,Young,Unstimulated,B6 young 5,FACS-purified Effector Memory,SS81_naive_96
 do11119,Mus musculus domesticus,Young,Unstimulated,B6 young 5,FACS-purified Effector Memory,SS81_naive_5
 do11120,Mus musculus domesticus,Young,Unstimulated,B6 young 5,FACS-purified Effector Memory,SS81_naive_4
 do11121,Mus musculus domesticus,Young,Unstimulated,B6 young 5,FACS-purified Effector Memory,SS81_naive_93
 do11122,Mus musculus domesticus,Young,Unstimulated,B6 young 5,FACS-purified Effector Memory,SS81_naive_92
 do11130,Mus musculus domesticus,Young,Unstimulated,B6 young 5,FACS-purified Effector Memory,SS81_naive_12
 do11132,Mus musculus domesticus,Young,Unstimulated,B6 young 5,FACS-purified Effector Memory,SS81_naive_10
 do11134,Mus musculus domesticus,Young,Unstimulated,B6 young 5,FACS-purified Effector Memory,SS81_naive_86
 do11135,Mus musculus domesticus,Young,Unstimulated,B6 young 5,FACS-purified Effector Memory,SS81_naive_85
 do11139,Mus musculus domesticus,Young,Unstimulated,B6 young 5,FACS-purified Effector Memory,SS81_naive_84
 do11141,Mus musculus domesticus,Young,Unstimulated,B6 young 5,FACS-purified Effector Memory,SS81_naive_82
 do11148,Mus musculus domesticus,Young,Unstimulated,B6 young 5,FACS-purified Effector Memory,SS81_naive_21
 do11151,Mus musculus domesticus,Young,Unstimulated,B6 young 5,FACS-purified Effector Memory,SS81_naive_78
 do11159,Mus musculus domesticus,Young,Unstimulated,B6 young 5,FACS-purified Effector Memory,SS81_naive_73
 do11161,Mus musculus domesticus,Young,Unstimulated,B6 young 5,FACS-purified Effector Memory,SS81_naive_26
 do11162,Mus musculus domesticus,Young,Unstimulated,B6 young 5,FACS-purified Effector Memory,SS81_naive_27
 do11163,Mus musculus domesticus,Young,Unstimulated,B6 young 5,FACS-purified Effector Memory,SS81_naive_70
 do11165,Mus musculus domesticus,Young,Unstimulated,B6 young 5,FACS-purified Effector Memory,SS81_naive_72
 do11168,Mus musculus domesticus,Young,Unstimulated,B6 young 5,FACS-purified Effector Memory,SS81_naive_30
 do11172,Mus musculus domesticus,Young,Unstimulated,B6 young 5,FACS-purified Effector Memory,SS81_naive_31
 do11173,Mus musculus domesticus,Young,Unstimulated,B6 young 5,FACS-purified Effector Memory,SS81_naive_32
 do11175,Mus musculus domesticus,Young,Unstimulated,B6 young 5,FACS-purified Effector Memory,SS81_naive_64
 do11176,Mus musculus domesticus,Young,Unstimulated,B6 young 5,FACS-purified Effector Memory,SS81_naive_65
 do11178,Mus musculus domesticus,Young,Unstimulated,B6 young 5,FACS-purified Effector Memory,SS81_naive_34
 do11184,Mus musculus domesticus,Young,Unstimulated,B6 young 5,FACS-purified Effector Memory,SS81_naive_37
 do11188,Mus musculus domesticus,Young,Unstimulated,B6 young 5,FACS-purified Effector Memory,SS81_naive_59
 do11189,Mus musculus domesticus,Young,Unstimulated,B6 young 5,FACS-purified Effector Memory,SS81_naive_60
 do11190,Mus musculus domesticus,Young,Unstimulated,B6 young 5,FACS-purified Effector Memory,SS81_naive_40
 do11198,Mus musculus domesticus,Young,Unstimulated,B6 young 5,FACS-purified Effector Memory,SS81_naive_45
 do11199,Mus musculus domesticus,Young,Unstimulated,B6 young 5,FACS-purified Effector Memory,SS81_naive_52
 do11200,Mus musculus domesticus,Young,Unstimulated,B6 young 5,FACS-purified Effector Memory,SS81_naive_53
 do11215,Mus musculus domesticus,Young,Active,B6 young 5,FACS-purified Effector Memory,SS81_active_5
 do11222,Mus musculus domesticus,Young,Active,B6 young 5,FACS-purified Effector Memory,SS81_active_7
 do11225,Mus musculus domesticus,Young,Active,B6 young 5,FACS-purified Effector Memory,SS81_active_88
 do11230,Mus musculus domesticus,Young,Active,B6 young 5,FACS-purified Effector Memory,SS81_active_86
 do11234,Mus musculus domesticus,Young,Active,B6 young 5,FACS-purified Effector Memory,SS81_active_13
 do11235,Mus musculus domesticus,Young,Active,B6 young 5,FACS-purified Effector Memory,SS81_active_84
 do11239,Mus musculus domesticus,Young,Active,B6 young 5,FACS-purified Effector Memory,SS81_active_17
 do11244,Mus musculus domesticus,Young,Active,B6 young 5,FACS-purified Effector Memory,SS81_active_21
 do11247,Mus musculus domesticus,Young,Active,B6 young 5,FACS-purified Effector Memory,SS81_active_78
 do11252,Mus musculus domesticus,Young,Active,B6 young 5,FACS-purified Effector Memory,SS81_active_22
 do11258,Mus musculus domesticus,Young,Active,B6 young 5,FACS-purified Effector Memory,SS81_active_27
 do11275,Mus musculus domesticus,Young,Active,B6 young 5,FACS-purified Effector Memory,SS81_active_35
 do11276,Mus musculus domesticus,Young,Active,B6 young 5,FACS-purified Effector Memory,SS81_active_36
 do11283,Mus musculus domesticus,Young,Active,B6 young 5,FACS-purified Effector Memory,SS81_active_58
 do11284,Mus musculus domesticus,Young,Active,B6 young 5,FACS-purified Effector Memory,SS81_active_59
 do11290,Mus musculus domesticus,Young,Active,B6 young 5,FACS-purified Effector Memory,SS81_active_56
 do11295,Mus musculus domesticus,Young,Active,B6 young 5,FACS-purified Effector Memory,SS81_active_52
 do11300,Mus musculus domesticus,Young,Active,B6 young 5,FACS-purified Effector Memory,SS81_active_48
 do11304,Mus musculus domesticus,Young,Unstimulated,B6 young 6,FACS-purified Effector Memory,SS82_naive_3
 do11305,Mus musculus domesticus,Young,Unstimulated,B6 young 6,FACS-purified Effector Memory,SS82_naive_2
 do11306,Mus musculus domesticus,Young,Unstimulated,B6 young 6,FACS-purified Effector Memory,SS82_naive_1
 do11307,Mus musculus domesticus,Young,Unstimulated,B6 young 6,FACS-purified Effector Memory,SS82_naive_96
 do11308,Mus musculus domesticus,Young,Unstimulated,B6 young 6,FACS-purified Effector Memory,SS82_naive_95
 do11309,Mus musculus domesticus,Young,Unstimulated,B6 young 6,FACS-purified Effector Memory,SS82_naive_94
 do11311,Mus musculus domesticus,Young,Unstimulated,B6 young 6,FACS-purified Effector Memory,SS82_naive_5
 do11315,Mus musculus domesticus,Young,Unstimulated,B6 young 6,FACS-purified Effector Memory,SS82_naive_91
 do11316,Mus musculus domesticus,Young,Unstimulated,B6 young 6,FACS-purified Effector Memory,SS82_naive_9
 do11320,Mus musculus domesticus,Young,Unstimulated,B6 young 6,FACS-purified Effector Memory,SS82_naive_89
 do11321,Mus musculus domesticus,Young,Unstimulated,B6 young 6,FACS-purified Effector Memory,SS82_naive_88
 do11327,Mus musculus domesticus,Young,Unstimulated,B6 young 6,FACS-purified Effector Memory,SS82_naive_85
 do11328,Mus musculus domesticus,Young,Unstimulated,B6 young 6,FACS-purified Effector Memory,SS82_naive_15
 do11329,Mus musculus domesticus,Young,Unstimulated,B6 young 6,FACS-purified Effector Memory,SS82_naive_14
 do11331,Mus musculus domesticus,Young,Unstimulated,B6 young 6,FACS-purified Effector Memory,SS82_naive_84
 do11332,Mus musculus domesticus,Young,Unstimulated,B6 young 6,FACS-purified Effector Memory,SS82_naive_83
 do11333,Mus musculus domesticus,Young,Unstimulated,B6 young 6,FACS-purified Effector Memory,SS82_naive_82
 do11335,Mus musculus domesticus,Young,Unstimulated,B6 young 6,FACS-purified Effector Memory,SS82_naive_17
 do11337,Mus musculus domesticus,Young,Unstimulated,B6 young 6,FACS-purified Effector Memory,SS82_naive_81
 do11339,Mus musculus domesticus,Young,Unstimulated,B6 young 6,FACS-purified Effector Memory,SS82_naive_79
 do11340,Mus musculus domesticus,Young,Unstimulated,B6 young 6,FACS-purified Effector Memory,SS82_naive_21
 do11341,Mus musculus domesticus,Young,Unstimulated,B6 young 6,FACS-purified Effector Memory,SS82_naive_20
 do11342,Mus musculus domesticus,Young,Unstimulated,B6 young 6,FACS-purified Effector Memory,SS82_naive_19
 do11346,Mus musculus domesticus,Young,Unstimulated,B6 young 6,FACS-purified Effector Memory,SS82_naive_24
 do11348,Mus musculus domesticus,Young,Unstimulated,B6 young 6,FACS-purified Effector Memory,SS82_naive_22
 do11351,Mus musculus domesticus,Young,Unstimulated,B6 young 6,FACS-purified Effector Memory,SS82_naive_73
 do11352,Mus musculus domesticus,Young,Unstimulated,B6 young 6,FACS-purified Effector Memory,SS82_naive_25
 do11354,Mus musculus domesticus,Young,Unstimulated,B6 young 6,FACS-purified Effector Memory,SS82_naive_27
 do11356,Mus musculus domesticus,Young,Unstimulated,B6 young 6,FACS-purified Effector Memory,SS82_naive_71
 do11357,Mus musculus domesticus,Young,Unstimulated,B6 young 6,FACS-purified Effector Memory,SS82_naive_72
 do11358,Mus musculus domesticus,Young,Unstimulated,B6 young 6,FACS-purified Effector Memory,SS82_naive_28
 do11360,Mus musculus domesticus,Young,Unstimulated,B6 young 6,FACS-purified Effector Memory,SS82_naive_30
 do11364,Mus musculus domesticus,Young,Unstimulated,B6 young 6,FACS-purified Effector Memory,SS82_naive_31
 do11365,Mus musculus domesticus,Young,Unstimulated,B6 young 6,FACS-purified Effector Memory,SS82_naive_32
 do11366,Mus musculus domesticus,Young,Unstimulated,B6 young 6,FACS-purified Effector Memory,SS82_naive_33
 do11371,Mus musculus domesticus,Young,Unstimulated,B6 young 6,FACS-purified Effector Memory,SS82_naive_35
 do11372,Mus musculus domesticus,Young,Unstimulated,B6 young 6,FACS-purified Effector Memory,SS82_naive_36
 do11375,Mus musculus domesticus,Young,Unstimulated,B6 young 6,FACS-purified Effector Memory,SS82_naive_63
 do11377,Mus musculus domesticus,Young,Unstimulated,B6 young 6,FACS-purified Effector Memory,SS82_naive_38
 do11378,Mus musculus domesticus,Young,Unstimulated,B6 young 6,FACS-purified Effector Memory,SS82_naive_39
 do11381,Mus musculus domesticus,Young,Unstimulated,B6 young 6,FACS-purified Effector Memory,SS82_naive_60
 do11383,Mus musculus domesticus,Young,Unstimulated,B6 young 6,FACS-purified Effector Memory,SS82_naive_41
 do11384,Mus musculus domesticus,Young,Unstimulated,B6 young 6,FACS-purified Effector Memory,SS82_naive_42
 do11385,Mus musculus domesticus,Young,Unstimulated,B6 young 6,FACS-purified Effector Memory,SS82_naive_55
 do11387,Mus musculus domesticus,Young,Unstimulated,B6 young 6,FACS-purified Effector Memory,SS82_naive_57
 do11390,Mus musculus domesticus,Young,Unstimulated,B6 young 6,FACS-purified Effector Memory,SS82_naive_45
 do11391,Mus musculus domesticus,Young,Unstimulated,B6 young 6,FACS-purified Effector Memory,SS82_naive_52
 do11392,Mus musculus domesticus,Young,Unstimulated,B6 young 6,FACS-purified Effector Memory,SS82_naive_53
 do11395,Mus musculus domesticus,Young,Unstimulated,B6 young 6,FACS-purified Effector Memory,SS82_naive_47
 do11398,Mus musculus domesticus,Young,Unstimulated,B6 young 6,FACS-purified Effector Memory,SS82_naive_50
 do11399,Mus musculus domesticus,Young,Unstimulated,B6 young 6,FACS-purified Effector Memory,SS82_naive_51
 do11402,Mus musculus domesticus,Young,Active,B6 young 6,FACS-purified Effector Memory,SS82_active_1
 do11410,Mus musculus domesticus,Young,Active,B6 young 6,FACS-purified Effector Memory,SS82_active_92
 do11412,Mus musculus domesticus,Young,Active,B6 young 6,FACS-purified Effector Memory,SS82_active_9
 do11417,Mus musculus domesticus,Young,Active,B6 young 6,FACS-purified Effector Memory,SS82_active_88
 do11420,Mus musculus domesticus,Young,Active,B6 young 6,FACS-purified Effector Memory,SS82_active_10
 do11429,Mus musculus domesticus,Young,Active,B6 young 6,FACS-purified Effector Memory,SS82_active_82
 do11435,Mus musculus domesticus,Young,Active,B6 young 6,FACS-purified Effector Memory,SS82_active_79
 do11438,Mus musculus domesticus,Young,Active,B6 young 6,FACS-purified Effector Memory,SS82_active_19
 do11447,Mus musculus domesticus,Young,Active,B6 young 6,FACS-purified Effector Memory,SS82_active_73
 do11452,Mus musculus domesticus,Young,Active,B6 young 6,FACS-purified Effector Memory,SS82_active_71
 do11464,Mus musculus domesticus,Young,Active,B6 young 6,FACS-purified Effector Memory,SS82_active_65
 do11465,Mus musculus domesticus,Young,Active,B6 young 6,FACS-purified Effector Memory,SS82_active_66
 do11466,Mus musculus domesticus,Young,Active,B6 young 6,FACS-purified Effector Memory,SS82_active_34
 do11467,Mus musculus domesticus,Young,Active,B6 young 6,FACS-purified Effector Memory,SS82_active_35
 do11468,Mus musculus domesticus,Young,Active,B6 young 6,FACS-purified Effector Memory,SS82_active_36
 do11469,Mus musculus domesticus,Young,Active,B6 young 6,FACS-purified Effector Memory,SS82_active_61
 do11482,Mus musculus domesticus,Young,Active,B6 young 6,FACS-purified Effector Memory,SS82_active_56
 do11485,Mus musculus domesticus,Young,Active,B6 young 6,FACS-purified Effector Memory,SS82_active_44
 do11490,Mus musculus domesticus,Young,Active,B6 young 6,FACS-purified Effector Memory,SS82_active_46
 do11494,Mus musculus domesticus,Young,Active,B6 young 6,FACS-purified Effector Memory,SS82_active_50
 do11881,Mus musculus domesticus,Young,Unstimulated,B6 young 7,FACS-purified Effector Memory,SS87_naive_2
 do11882,Mus musculus domesticus,Young,Unstimulated,B6 young 7,FACS-purified Effector Memory,SS87_naive_1
 do11884,Mus musculus domesticus,Young,Unstimulated,B6 young 7,FACS-purified Effector Memory,SS87_naive_95
 do11887,Mus musculus domesticus,Young,Unstimulated,B6 young 7,FACS-purified Effector Memory,SS87_naive_5
 do11890,Mus musculus domesticus,Young,Unstimulated,B6 young 7,FACS-purified Effector Memory,SS87_naive_92
 do11892,Mus musculus domesticus,Young,Unstimulated,B6 young 7,FACS-purified Effector Memory,SS87_naive_9
 do11895,Mus musculus domesticus,Young,Unstimulated,B6 young 7,FACS-purified Effector Memory,SS87_naive_90
 do11896,Mus musculus domesticus,Young,Unstimulated,B6 young 7,FACS-purified Effector Memory,SS87_naive_89
 do11897,Mus musculus domesticus,Young,Unstimulated,B6 young 7,FACS-purified Effector Memory,SS87_naive_88
 do11899,Mus musculus domesticus,Young,Unstimulated,B6 young 7,FACS-purified Effector Memory,SS87_naive_11
 do11900,Mus musculus domesticus,Young,Unstimulated,B6 young 7,FACS-purified Effector Memory,SS87_naive_10
 do11904,Mus musculus domesticus,Young,Unstimulated,B6 young 7,FACS-purified Effector Memory,SS87_naive_15
 do11905,Mus musculus domesticus,Young,Unstimulated,B6 young 7,FACS-purified Effector Memory,SS87_naive_14
 do11907,Mus musculus domesticus,Young,Unstimulated,B6 young 7,FACS-purified Effector Memory,SS87_naive_84
 do11908,Mus musculus domesticus,Young,Unstimulated,B6 young 7,FACS-purified Effector Memory,SS87_naive_83
 do11911,Mus musculus domesticus,Young,Unstimulated,B6 young 7,FACS-purified Effector Memory,SS87_naive_17
 do11912,Mus musculus domesticus,Young,Unstimulated,B6 young 7,FACS-purified Effector Memory,SS87_naive_16
 do11914,Mus musculus domesticus,Young,Unstimulated,B6 young 7,FACS-purified Effector Memory,SS87_naive_80
 do11918,Mus musculus domesticus,Young,Unstimulated,B6 young 7,FACS-purified Effector Memory,SS87_naive_19
 do11919,Mus musculus domesticus,Young,Unstimulated,B6 young 7,FACS-purified Effector Memory,SS87_naive_78
 do11920,Mus musculus domesticus,Young,Unstimulated,B6 young 7,FACS-purified Effector Memory,SS87_naive_77
 do11921,Mus musculus domesticus,Young,Unstimulated,B6 young 7,FACS-purified Effector Memory,SS87_naive_76
 do11922,Mus musculus domesticus,Young,Unstimulated,B6 young 7,FACS-purified Effector Memory,SS87_naive_24
 do11923,Mus musculus domesticus,Young,Unstimulated,B6 young 7,FACS-purified Effector Memory,SS87_naive_23
 do11927,Mus musculus domesticus,Young,Unstimulated,B6 young 7,FACS-purified Effector Memory,SS87_naive_73
 do11929,Mus musculus domesticus,Young,Unstimulated,B6 young 7,FACS-purified Effector Memory,SS87_naive_26
 do11934,Mus musculus domesticus,Young,Unstimulated,B6 young 7,FACS-purified Effector Memory,SS87_naive_28
 do11937,Mus musculus domesticus,Young,Unstimulated,B6 young 7,FACS-purified Effector Memory,SS87_naive_67
 do11939,Mus musculus domesticus,Young,Unstimulated,B6 young 7,FACS-purified Effector Memory,SS87_naive_69
 do11940,Mus musculus domesticus,Young,Unstimulated,B6 young 7,FACS-purified Effector Memory,SS87_naive_31
 do11942,Mus musculus domesticus,Young,Unstimulated,B6 young 7,FACS-purified Effector Memory,SS87_naive_33
 do11946,Mus musculus domesticus,Young,Unstimulated,B6 young 7,FACS-purified Effector Memory,SS87_naive_34
 do11947,Mus musculus domesticus,Young,Unstimulated,B6 young 7,FACS-purified Effector Memory,SS87_naive_35
 do11951,Mus musculus domesticus,Young,Unstimulated,B6 young 7,FACS-purified Effector Memory,SS87_naive_63
 do11952,Mus musculus domesticus,Young,Unstimulated,B6 young 7,FACS-purified Effector Memory,SS87_naive_37
 do11954,Mus musculus domesticus,Young,Unstimulated,B6 young 7,FACS-purified Effector Memory,SS87_naive_39
 do11955,Mus musculus domesticus,Young,Unstimulated,B6 young 7,FACS-purified Effector Memory,SS87_naive_58
 do11958,Mus musculus domesticus,Young,Unstimulated,B6 young 7,FACS-purified Effector Memory,SS87_naive_40
 do11961,Mus musculus domesticus,Young,Unstimulated,B6 young 7,FACS-purified Effector Memory,SS87_naive_55
 do11962,Mus musculus domesticus,Young,Unstimulated,B6 young 7,FACS-purified Effector Memory,SS87_naive_56
 do11965,Mus musculus domesticus,Young,Unstimulated,B6 young 7,FACS-purified Effector Memory,SS87_naive_44
 do11967,Mus musculus domesticus,Young,Unstimulated,B6 young 7,FACS-purified Effector Memory,SS87_naive_52
 do11969,Mus musculus domesticus,Young,Unstimulated,B6 young 7,FACS-purified Effector Memory,SS87_naive_54
 do11970,Mus musculus domesticus,Young,Unstimulated,B6 young 7,FACS-purified Effector Memory,SS87_naive_46
 do11994,Mus musculus domesticus,Young,Active,B6 young 7,FACS-purified Effector Memory,SS87_active_12
 do11995,Mus musculus domesticus,Young,Active,B6 young 7,FACS-purified Effector Memory,SS87_active_11
 do12002,Mus musculus domesticus,Young,Active,B6 young 7,FACS-purified Effector Memory,SS87_active_13
 do12006,Mus musculus domesticus,Young,Active,B6 young 7,FACS-purified Effector Memory,SS87_active_18
 do12020,Mus musculus domesticus,Young,Active,B6 young 7,FACS-purified Effector Memory,SS87_active_22
 do12028,Mus musculus domesticus,Young,Active,B6 young 7,FACS-purified Effector Memory,SS87_active_71
 do12033,Mus musculus domesticus,Young,Active,B6 young 7,FACS-purified Effector Memory,SS87_active_67
 do12037,Mus musculus domesticus,Young,Active,B6 young 7,FACS-purified Effector Memory,SS87_active_32
 do12047,Mus musculus domesticus,Young,Active,B6 young 7,FACS-purified Effector Memory,SS87_active_63
